<metadata xml:lang="fr"><Esri><CreaDate>20190212</CreaDate><CreaTime>15084400</CreaTime><ArcGISFormat>1.0</ArcGISFormat><SyncOnce>FALSE</SyncOnce><DataProperties><itemProps><itemName Sync="TRUE">AD_2_MunicipalityCenter</itemName><imsContentType Sync="TRUE">002</imsContentType><nativeExtBox><westBL Sync="TRUE">515934.795000</westBL><eastBL Sync="TRUE">796502.424969</eastBL><southBL Sync="TRUE">522315.461000</southBL><northBL Sync="TRUE">743455.783127</northBL><exTypeCode Sync="TRUE">1</exTypeCode></nativeExtBox><itemLocation><linkage Sync="TRUE">file://\\mass1\AdminVector$\Work data\adminvectorwgs\AD_2_MunicipalityCenter.shp</linkage><protocol Sync="TRUE">Local Area Network</protocol></itemLocation><itemSize Sync="TRUE">0.000</itemSize></itemProps><coordRef><type Sync="TRUE">Geographic</type><geogcsn Sync="TRUE">GCS_WGS_1984</geogcsn><csUnits Sync="TRUE">Angular Unit: Degree (0.017453)</csUnits><peXml Sync="TRUE">&lt;GeographicCoordinateSystem xsi:type='typens:GeographicCoordinateSystem' xmlns:xsi='http://www.w3.org/2001/XMLSchema-instance' xmlns:xs='http://www.w3.org/2001/XMLSchema' xmlns:typens='http://www.esri.com/schemas/ArcGIS/10.1'&gt;&lt;WKT&gt;GEOGCS[&amp;quot;GCS_WGS_1984&amp;quot;,DATUM[&amp;quot;D_WGS_1984&amp;quot;,SPHEROID[&amp;quot;WGS_1984&amp;quot;,6378137.0,298.257223563]],PRIMEM[&amp;quot;Greenwich&amp;quot;,0.0],UNIT[&amp;quot;Degree&amp;quot;,0.0174532925199433],AUTHORITY[&amp;quot;EPSG&amp;quot;,4326]]&lt;/WKT&gt;&lt;XOrigin&gt;-400&lt;/XOrigin&gt;&lt;YOrigin&gt;-400&lt;/YOrigin&gt;&lt;XYScale&gt;11258999068426.238&lt;/XYScale&gt;&lt;ZOrigin&gt;-100000&lt;/ZOrigin&gt;&lt;ZScale&gt;10000&lt;/ZScale&gt;&lt;MOrigin&gt;-100000&lt;/MOrigin&gt;&lt;MScale&gt;10000&lt;/MScale&gt;&lt;XYTolerance&gt;8.983152841195215e-009&lt;/XYTolerance&gt;&lt;ZTolerance&gt;0.001&lt;/ZTolerance&gt;&lt;MTolerance&gt;0.001&lt;/MTolerance&gt;&lt;HighPrecision&gt;true&lt;/HighPrecision&gt;&lt;LeftLongitude&gt;-180&lt;/LeftLongitude&gt;&lt;WKID&gt;4326&lt;/WKID&gt;&lt;LatestWKID&gt;4326&lt;/LatestWKID&gt;&lt;/GeographicCoordinateSystem&gt;</peXml></coordRef><lineage><Process ToolSource="c:\program files (x86)\arcgis\desktop10.2\ArcToolbox\Toolboxes\Data Management Tools.tbx\CalculateField" Date="20170301" Time="160220">CalculateField poi subtype 561 VB #</Process><Process ToolSource="c:\program files (x86)\arcgis\desktop10.2\ArcToolbox\Toolboxes\Data Management Tools.tbx\CalculateField" Date="20170301" Time="160232">CalculateField poi subtype 1000 VB #</Process><Process ToolSource="c:\program files (x86)\arcgis\desktop10.2\ArcToolbox\Toolboxes\Data Management Tools.tbx\CalculateField" Date="20170302" Time="104530">CalculateField itgi.poi.poi website test VB #</Process><Process ToolSource="c:\program files (x86)\arcgis\desktop10.2\ArcToolbox\Toolboxes\Data Management Tools.tbx\CalculateField" Date="20170302" Time="104827">CalculateField itgi.poi.poi website [remark_gen] VB #</Process><Process ToolSource="c:\program files (x86)\arcgis\desktop10.2\ArcToolbox\Toolboxes\Data Management Tools.tbx\CalculateField" Date="20170302" Time="113752">CalculateField itgi.poi.poi remark_gen null VB #</Process><Process ToolSource="c:\program files (x86)\arcgis\desktop10.2\ArcToolbox\Toolboxes\Data Management Tools.tbx\CalculateField" Date="20170302" Time="145404">CalculateField poi website [remark_gen] VB #</Process><Process ToolSource="c:\program files (x86)\arcgis\desktop10.2\ArcToolbox\Toolboxes\Data Management Tools.tbx\CalculateField" Date="20170302" Time="145438">CalculateField poi remark_gen null VB #</Process><Process ToolSource="c:\program files (x86)\arcgis\desktop10.2\ArcToolbox\Toolboxes\Data Management Tools.tbx\CalculateField" Date="20170310" Time="163748">CalculateField poi_scholen website "http://www.spectrumcollege.be" VB #</Process><Process ToolSource="c:\program files (x86)\arcgis\desktop10.2\ArcToolbox\Toolboxes\Data Management Tools.tbx\CalculateField" Date="20170310" Time="164425">CalculateField poi_scholen website "www.kleuterschoolhandinhand.be" VB #</Process><Process ToolSource="c:\program files (x86)\arcgis\desktop10.2\ArcToolbox\Toolboxes\Data Management Tools.tbx\CalculateField" Date="20170714" Time="101404">CalculateField poi_scholen remark_gen "" VB #</Process><Process ToolSource="c:\program files (x86)\arcgis\desktop10.2\ArcToolbox\Toolboxes\Data Management Tools.tbx\CalculateField" Date="20170714" Time="101421">CalculateField poi_scholen remark_gen NULL VB #</Process><Process ToolSource="c:\program files (x86)\arcgis\desktop10.2\ArcToolbox\Toolboxes\Data Management Tools.tbx\CalculateField" Date="20170714" Time="101457">CalculateField poi_scholen website [remark_gen] VB #</Process><Process ToolSource="c:\program files (x86)\arcgis\desktop10.2\ArcToolbox\Toolboxes\Data Management Tools.tbx\CalculateField" Date="20170714" Time="101513">CalculateField poi_scholen remark_gen NULL VB #</Process><Process ToolSource="c:\program files (x86)\arcgis\desktop10.2\ArcToolbox\Toolboxes\Data Management Tools.tbx\CalculateField" Date="20170714" Time="101558">CalculateField poi_scholen remark_gen NULL VB #</Process><Process ToolSource="c:\program files (x86)\arcgis\desktop10.2\ArcToolbox\Toolboxes\Data Management Tools.tbx\CalculateField" Date="20170718" Time="155507">CalculateField poi_scholen website [remark_gen] VB #</Process><Process ToolSource="c:\program files (x86)\arcgis\desktop10.2\ArcToolbox\Toolboxes\Data Management Tools.tbx\CalculateField" Date="20170718" Time="155539">CalculateField poi_scholen remark_gen null VB #</Process><Process ToolSource="c:\program files (x86)\arcgis\desktop10.2\ArcToolbox\Toolboxes\Data Management Tools.tbx\CalculateField" Date="20170718" Time="155647">CalculateField poi_scholen remark_gen Null VB #</Process><Process ToolSource="c:\program files (x86)\arcgis\desktop10.2\ArcToolbox\Toolboxes\Data Management Tools.tbx\CalculateField" Date="20170720" Time="164044">CalculateField poi_scholen website [remark_gen] VB #</Process><Process ToolSource="c:\program files (x86)\arcgis\desktop10.2\ArcToolbox\Toolboxes\Data Management Tools.tbx\CalculateField" Date="20170720" Time="164125">CalculateField poi_scholen remark_gen null VB #</Process><Process ToolSource="c:\program files (x86)\arcgis\desktop10.2\ArcToolbox\Toolboxes\Data Management Tools.tbx\CalculateField" Date="20170720" Time="165303">CalculateField poi_scholen website ""http://data-onderwijs.vlaanderen.be/onderwijsaanbod/adres.aspx?sn=" &amp; [code]" VB #</Process><Process ToolSource="c:\program files (x86)\arcgis\desktop10.2\ArcToolbox\Toolboxes\Data Management Tools.tbx\CalculateField" Date="20171207" Time="162734">CalculateField poi subtype 7512 VB #</Process><Process ToolSource="c:\program files (x86)\arcgis\desktop10.2\ArcToolbox\Toolboxes\Data Management Tools.tbx\CalculateField" Date="20171207" Time="162905">CalculateField poi name ""STIB-MIVB: "&amp; [name]" VB #</Process><Process ToolSource="c:\program files (x86)\arcgis\desktop10.2\ArcToolbox\Toolboxes\Data Management Tools.tbx\CalculateField" Date="20171207" Time="162923">CalculateField poi name ""STIB-MIVB: "&amp; [name]" VB #</Process><Process ToolSource="c:\program files (x86)\arcgis\desktop10.2\ArcToolbox\Toolboxes\Data Management Tools.tbx\CalculateField" Date="20171214" Time="142401">CalculateField poi_ander_onderwijs subtype 569 VB #</Process><Process ToolSource="c:\program files (x86)\arcgis\desktop10.2\ArcToolbox\Toolboxes\Data Management Tools.tbx\CalculateField" Date="20171214" Time="143109">CalculateField poi_ander_onderwijs subtype 569 VB #</Process><Process ToolSource="c:\program files (x86)\arcgis\desktop10.2\ArcToolbox\Toolboxes\Data Management Tools.tbx\CalculateField" Date="20171214" Time="143325">CalculateField poi_ander_onderwijs subtype 569 VB #</Process><Process ToolSource="c:\program files (x86)\arcgis\desktop10.2\ArcToolbox\Toolboxes\Data Management Tools.tbx\CalculateField" Date="20171214" Time="143436">CalculateField poi_ander_onderwijs subtype 569 VB #</Process><Process ToolSource="c:\program files (x86)\arcgis\desktop10.2\ArcToolbox\Toolboxes\Data Management Tools.tbx\CalculateField" Date="20171214" Time="143612">CalculateField poi_ander_onderwijs subtype 569 VB #</Process><Process ToolSource="c:\program files (x86)\arcgis\desktop10.2\ArcToolbox\Toolboxes\Data Management Tools.tbx\CalculateField" Date="20171214" Time="143945">CalculateField poi_ander_onderwijs subtype 569 VB #</Process><Process ToolSource="c:\program files (x86)\arcgis\desktop10.2\ArcToolbox\Toolboxes\Data Management Tools.tbx\CalculateField" Date="20171215" Time="171500">CalculateField poi type 781 VB #</Process><Process ToolSource="c:\program files (x86)\arcgis\desktop10.2\ArcToolbox\Toolboxes\Data Management Tools.tbx\CalculateField" Date="20171219" Time="100249">CalculateField poi subtype 569 VB #</Process><Process ToolSource="c:\program files (x86)\arcgis\desktop10.6\ArcToolbox\Toolboxes\Data Management Tools.tbx\CalculateField" Date="20180528" Time="120832">CalculateField poi function 13 VB #</Process><Process ToolSource="c:\program files (x86)\arcgis\desktop10.6\ArcToolbox\Toolboxes\Data Management Tools.tbx\CalculateField" Date="20180528" Time="120956">CalculateField poi function 13 VB #</Process><Process ToolSource="c:\program files (x86)\arcgis\desktop10.6\ArcToolbox\Toolboxes\Data Management Tools.tbx\CalculateField" Date="20180528" Time="122533">CalculateField poi function 13 VB #</Process><Process ToolSource="c:\program files (x86)\arcgis\desktop10.6\ArcToolbox\Toolboxes\Data Management Tools.tbx\CalculateField" Date="20180528" Time="122622">CalculateField poi function 13 VB #</Process><Process ToolSource="c:\program files (x86)\arcgis\desktop10.6\ArcToolbox\Toolboxes\Data Management Tools.tbx\CalculateField" Date="20180629" Time="094227">CalculateField "poi selection" subtype 7123 VB #</Process><Process ToolSource="c:\program files (x86)\arcgis\desktop10.6\ArcToolbox\Toolboxes\Data Management Tools.tbx\CalculateField" Date="20180629" Time="094245">CalculateField "poi selection" status 2 VB #</Process><Process ToolSource="c:\program files (x86)\arcgis\desktop10.6\ArcToolbox\Toolboxes\Data Management Tools.tbx\CalculateField" Date="20180629" Time="094425">CalculateField "poi selection" itgi_fc "CO_ParticularPolyConstruction" VB #</Process><Process ToolSource="c:\program files (x86)\arcgis\desktop10.6\ArcToolbox\Toolboxes\Data Management Tools.tbx\CalculateField" Date="20180629" Time="094432">CalculateField "poi selection" constr_type 4 VB #</Process><Process ToolSource="c:\program files (x86)\arcgis\desktop10.6\ArcToolbox\Toolboxes\Data Management Tools.tbx\CalculateField" Date="20180629" Time="094501">CalculateField "poi selection" modificationdate time.strftime('29/06/2018') PYTHON_9.3 #</Process><Process ToolSource="c:\program files (x86)\arcgis\desktop10.6\ArcToolbox\Toolboxes\Data Management Tools.tbx\CalculateField" Date="20180709" Time="114838">CalculateField poi status 75 VB #</Process><Process ToolSource="c:\program files (x86)\arcgis\desktop10.6\ArcToolbox\Toolboxes\Data Management Tools.tbx\CalculateField" Date="20180709" Time="115204">CalculateField poi status 76 VB #</Process><Process ToolSource="c:\program files (x86)\arcgis\desktop10.6\ArcToolbox\Toolboxes\Data Management Tools.tbx\CalculateField" Date="20180709" Time="115443">CalculateField poi status 75 VB #</Process><Process ToolSource="c:\program files (x86)\arcgis\desktop10.6\ArcToolbox\Toolboxes\Data Management Tools.tbx\CalculateField" Date="20180718" Time="122703">CalculateField "poi selection" classification 800 VB #</Process><Process ToolSource="c:\program files (x86)\arcgis\desktop10.6\ArcToolbox\Toolboxes\Data Management Tools.tbx\CalculateField" Date="20180718" Time="122738">CalculateField "poi selection" type 850 VB #</Process><Process ToolSource="c:\program files (x86)\arcgis\desktop10.6\ArcToolbox\Toolboxes\Data Management Tools.tbx\CalculateField" Date="20180718" Time="122752">CalculateField "poi selection" subtype 5732 VB #</Process><Process ToolSource="c:\program files (x86)\arcgis\desktop10.6\ArcToolbox\Toolboxes\Data Management Tools.tbx\CalculateField" Date="20180718" Time="122802">CalculateField "poi selection" status 68 VB #</Process><Process ToolSource="c:\program files (x86)\arcgis\desktop10.6\ArcToolbox\Toolboxes\Data Management Tools.tbx\CalculateField" Date="20180823" Time="105036">CalculateField poi type 5701 VB #</Process><Process ToolSource="c:\program files (x86)\arcgis\desktop10.6\ArcToolbox\Toolboxes\Data Management Tools.tbx\CalculateField" Date="20180823" Time="105053">CalculateField poi subtype 5791 VB #</Process><Process ToolSource="c:\program files (x86)\arcgis\desktop10.6\ArcToolbox\Toolboxes\Data Management Tools.tbx\CalculateField" Date="20180823" Time="105101">CalculateField poi status 1 VB #</Process><Process ToolSource="c:\program files (x86)\arcgis\desktop10.6\ArcToolbox\Toolboxes\Data Management Tools.tbx\CalculateField" Date="20180823" Time="105124">CalculateField poi itgi_fc "Remove" VB #</Process><Process ToolSource="c:\program files (x86)\arcgis\desktop10.6\ArcToolbox\Toolboxes\Data Management Tools.tbx\CalculateField" Date="20180823" Time="105131">CalculateField poi constr_type null VB #</Process><Process ToolSource="c:\program files (x86)\arcgis\desktop10.6\ArcToolbox\Toolboxes\Data Management Tools.tbx\CalculateField" Date="20180824" Time="151537">CalculateField poi subtype 7511 VB #</Process><Process ToolSource="c:\program files (x86)\arcgis\desktop10.6\ArcToolbox\Toolboxes\Data Management Tools.tbx\CalculateField" Date="20180824" Time="152656">CalculateField poi itgi_fc "Remove" VB #</Process><Process ToolSource="c:\program files (x86)\arcgis\desktop10.6\ArcToolbox\Toolboxes\Data Management Tools.tbx\CalculateField" Date="20180824" Time="152722">CalculateField poi itgi_fc "ZO_ParticularZone" VB #</Process><Process ToolSource="c:\program files (x86)\arcgis\desktop10.6\ArcToolbox\Toolboxes\Data Management Tools.tbx\CalculateField" Date="20180824" Time="152728">CalculateField poi constr_type 27 VB #</Process><Process ToolSource="c:\program files (x86)\arcgis\desktop10.6\ArcToolbox\Toolboxes\Data Management Tools.tbx\CalculateField" Date="20181003" Time="194437">CalculateField poi to_verify 10 VB #</Process><Process ToolSource="c:\program files (x86)\arcgis\desktop10.2\ArcToolbox\Toolboxes\Conversion Tools.tbx\FeatureClassToFeatureClass" Date="20190121" Time="105714">FeatureClassToFeatureClass centres "\\mass1\adminvector$\Work data\adminvector08.gdb" intermediaire # "to_verify "to_verify" true true false 4 Long 0 10 ,First,#,centres,to_verify,-1,-1;remark_pt "remark_pt" true true false 255 Text 0 0 ,First,#,centres,remark_pt,-1,-1;remark_cmt "remark_cmt" true true false 255 Text 0 0 ,First,#,centres,remark_cmt,-1,-1;remark_topo "remark_topo" true true false 255 Text 0 0 ,First,#,centres,remark_topo,-1,-1;remark_gen "remark_gen" true true false 255 Text 0 0 ,First,#,centres,remark_gen,-1,-1;toponym "toponym" true true false 255 Text 0 0 ,First,#,centres,toponym,-1,-1;name "name" true true false 255 Text 0 0 ,First,#,centres,name,-1,-1;address "address" true true false 255 Text 0 0 ,First,#,centres,address,-1,-1;code "code" true true false 255 Text 0 0 ,First,#,centres,code,-1,-1;capacity "capacity" true true false 255 Text 0 0 ,First,#,centres,capacity,-1,-1;constructiondate "constructiondate" true true false 255 Text 0 0 ,First,#,centres,constructiondate,-1,-1;classification "classification" true true false 4 Long 0 10 ,First,#,centres,classification,-1,-1;type "type" true true false 4 Long 0 10 ,First,#,centres,type,-1,-1;subtype "subtype" true true false 4 Long 0 10 ,First,#,centres,subtype,-1,-1;function "function" true true false 4 Long 0 10 ,First,#,centres,function,-1,-1;status "status" true true false 4 Long 0 10 ,First,#,centres,status,-1,-1;website "website" true true false 255 Text 0 0 ,First,#,centres,website,-1,-1;modificationdate "modificationdate" true true false 36 Date 0 0 ,First,#,centres,modificationdate,-1,-1;tgid "tgid" true true false 38 Text 0 0 ,First,#,centres,tgid,-1,-1;itgi_fc "itgi_fc" true true false 128 Text 0 0 ,First,#,centres,itgi_fc,-1,-1;form "form" true true false 4 Long 0 10 ,First,#,centres,form,-1,-1;use "use" true true false 4 Long 0 10 ,First,#,centres,use,-1,-1;secuse "secuse" true true false 4 Long 0 10 ,First,#,centres,secuse,-1,-1;constr_type "constr_type" true true false 4 Long 0 10 ,First,#,centres,constr_type,-1,-1;cartoangle "cartoangle" true true false 8 Double 8 38 ,First,#,centres,cartoangle,-1,-1;xyorigin "xyorigin" true true false 4 Long 0 10 ,First,#,centres,xyorigin,-1,-1;zorigin "zorigin" true true false 4 Long 0 10 ,First,#,centres,zorigin,-1,-1;zextrainfo "zextrainfo" true true false 255 Text 0 0 ,First,#,centres,zextrainfo,-1,-1;xyextrainfo "xyextrainfo" true true false 255 Text 0 0 ,First,#,centres,xyextrainfo,-1,-1" #</Process><Process ToolSource="c:\program files (x86)\arcgis\desktop10.2\ArcToolbox\Toolboxes\Data Management Tools.tbx\DeleteField" Date="20190121" Time="105718">DeleteField "\\mass1\adminvector$\Work data\adminvector08.gdb\intermediaire" to_verify</Process><Process ToolSource="c:\program files (x86)\arcgis\desktop10.2\ArcToolbox\Toolboxes\Data Management Tools.tbx\DeleteField" Date="20190121" Time="105719">DeleteField "\\mass1\adminvector$\Work data\adminvector08.gdb\intermediaire" remark_pt</Process><Process ToolSource="c:\program files (x86)\arcgis\desktop10.2\ArcToolbox\Toolboxes\Data Management Tools.tbx\DeleteField" Date="20190121" Time="105720">DeleteField "\\mass1\adminvector$\Work data\adminvector08.gdb\intermediaire" remark_cmt</Process><Process ToolSource="c:\program files (x86)\arcgis\desktop10.2\ArcToolbox\Toolboxes\Data Management Tools.tbx\DeleteField" Date="20190121" Time="105721">DeleteField "\\mass1\adminvector$\Work data\adminvector08.gdb\intermediaire" remark_topo</Process><Process ToolSource="c:\program files (x86)\arcgis\desktop10.2\ArcToolbox\Toolboxes\Data Management Tools.tbx\DeleteField" Date="20190121" Time="105722">DeleteField "\\mass1\adminvector$\Work data\adminvector08.gdb\intermediaire" remark_gen</Process><Process ToolSource="c:\program files (x86)\arcgis\desktop10.2\ArcToolbox\Toolboxes\Data Management Tools.tbx\DeleteField" Date="20190121" Time="105723">DeleteField "\\mass1\adminvector$\Work data\adminvector08.gdb\intermediaire" toponym</Process><Process ToolSource="c:\program files (x86)\arcgis\desktop10.2\ArcToolbox\Toolboxes\Data Management Tools.tbx\DeleteField" Date="20190121" Time="105724">DeleteField "\\mass1\adminvector$\Work data\adminvector08.gdb\intermediaire" name</Process><Process ToolSource="c:\program files (x86)\arcgis\desktop10.2\ArcToolbox\Toolboxes\Data Management Tools.tbx\DeleteField" Date="20190121" Time="105724">DeleteField "\\mass1\adminvector$\Work data\adminvector08.gdb\intermediaire" address</Process><Process ToolSource="c:\program files (x86)\arcgis\desktop10.2\ArcToolbox\Toolboxes\Data Management Tools.tbx\DeleteField" Date="20190121" Time="105725">DeleteField "\\mass1\adminvector$\Work data\adminvector08.gdb\intermediaire" code</Process><Process ToolSource="c:\program files (x86)\arcgis\desktop10.2\ArcToolbox\Toolboxes\Data Management Tools.tbx\DeleteField" Date="20190121" Time="105726">DeleteField "\\mass1\adminvector$\Work data\adminvector08.gdb\intermediaire" capacity</Process><Process ToolSource="c:\program files (x86)\arcgis\desktop10.2\ArcToolbox\Toolboxes\Data Management Tools.tbx\DeleteField" Date="20190121" Time="105727">DeleteField "\\mass1\adminvector$\Work data\adminvector08.gdb\intermediaire" constructiondate</Process><Process ToolSource="c:\program files (x86)\arcgis\desktop10.2\ArcToolbox\Toolboxes\Data Management Tools.tbx\DeleteField" Date="20190121" Time="105728">DeleteField "\\mass1\adminvector$\Work data\adminvector08.gdb\intermediaire" classification</Process><Process ToolSource="c:\program files (x86)\arcgis\desktop10.2\ArcToolbox\Toolboxes\Data Management Tools.tbx\DeleteField" Date="20190121" Time="105729">DeleteField "\\mass1\adminvector$\Work data\adminvector08.gdb\intermediaire" type</Process><Process ToolSource="c:\program files (x86)\arcgis\desktop10.2\ArcToolbox\Toolboxes\Data Management Tools.tbx\DeleteField" Date="20190121" Time="105730">DeleteField "\\mass1\adminvector$\Work data\adminvector08.gdb\intermediaire" subtype</Process><Process ToolSource="c:\program files (x86)\arcgis\desktop10.2\ArcToolbox\Toolboxes\Data Management Tools.tbx\DeleteField" Date="20190121" Time="105731">DeleteField "\\mass1\adminvector$\Work data\adminvector08.gdb\intermediaire" function</Process><Process ToolSource="c:\program files (x86)\arcgis\desktop10.2\ArcToolbox\Toolboxes\Data Management Tools.tbx\DeleteField" Date="20190121" Time="105732">DeleteField "\\mass1\adminvector$\Work data\adminvector08.gdb\intermediaire" status</Process><Process ToolSource="c:\program files (x86)\arcgis\desktop10.2\ArcToolbox\Toolboxes\Data Management Tools.tbx\DeleteField" Date="20190121" Time="105733">DeleteField "\\mass1\adminvector$\Work data\adminvector08.gdb\intermediaire" website</Process><Process ToolSource="c:\program files (x86)\arcgis\desktop10.2\ArcToolbox\Toolboxes\Data Management Tools.tbx\DeleteField" Date="20190121" Time="105734">DeleteField "\\mass1\adminvector$\Work data\adminvector08.gdb\intermediaire" modificationdate</Process><Process ToolSource="c:\program files (x86)\arcgis\desktop10.2\ArcToolbox\Toolboxes\Data Management Tools.tbx\DeleteField" Date="20190121" Time="105735">DeleteField "\\mass1\adminvector$\Work data\adminvector08.gdb\intermediaire" tgid</Process><Process ToolSource="c:\program files (x86)\arcgis\desktop10.2\ArcToolbox\Toolboxes\Data Management Tools.tbx\DeleteField" Date="20190121" Time="105736">DeleteField "\\mass1\adminvector$\Work data\adminvector08.gdb\intermediaire" itgi_fc</Process><Process ToolSource="c:\program files (x86)\arcgis\desktop10.2\ArcToolbox\Toolboxes\Data Management Tools.tbx\DeleteField" Date="20190121" Time="105736">DeleteField "\\mass1\adminvector$\Work data\adminvector08.gdb\intermediaire" form</Process><Process ToolSource="c:\program files (x86)\arcgis\desktop10.2\ArcToolbox\Toolboxes\Data Management Tools.tbx\DeleteField" Date="20190121" Time="105737">DeleteField "\\mass1\adminvector$\Work data\adminvector08.gdb\intermediaire" use</Process><Process ToolSource="c:\program files (x86)\arcgis\desktop10.2\ArcToolbox\Toolboxes\Data Management Tools.tbx\DeleteField" Date="20190121" Time="105738">DeleteField "\\mass1\adminvector$\Work data\adminvector08.gdb\intermediaire" secuse</Process><Process ToolSource="c:\program files (x86)\arcgis\desktop10.2\ArcToolbox\Toolboxes\Data Management Tools.tbx\DeleteField" Date="20190121" Time="105739">DeleteField "\\mass1\adminvector$\Work data\adminvector08.gdb\intermediaire" constr_type</Process><Process ToolSource="c:\program files (x86)\arcgis\desktop10.2\ArcToolbox\Toolboxes\Data Management Tools.tbx\DeleteField" Date="20190121" Time="105740">DeleteField "\\mass1\adminvector$\Work data\adminvector08.gdb\intermediaire" cartoangle</Process><Process ToolSource="c:\program files (x86)\arcgis\desktop10.2\ArcToolbox\Toolboxes\Data Management Tools.tbx\DeleteField" Date="20190121" Time="105741">DeleteField "\\mass1\adminvector$\Work data\adminvector08.gdb\intermediaire" xyorigin</Process><Process ToolSource="c:\program files (x86)\arcgis\desktop10.2\ArcToolbox\Toolboxes\Data Management Tools.tbx\DeleteField" Date="20190121" Time="105741">DeleteField "\\mass1\adminvector$\Work data\adminvector08.gdb\intermediaire" zorigin</Process><Process ToolSource="c:\program files (x86)\arcgis\desktop10.2\ArcToolbox\Toolboxes\Data Management Tools.tbx\DeleteField" Date="20190121" Time="105742">DeleteField "\\mass1\adminvector$\Work data\adminvector08.gdb\intermediaire" zextrainfo</Process><Process ToolSource="c:\program files (x86)\arcgis\desktop10.2\ArcToolbox\Toolboxes\Data Management Tools.tbx\DeleteField" Date="20190121" Time="105743">DeleteField "\\mass1\adminvector$\Work data\adminvector08.gdb\intermediaire" xyextrainfo</Process><Process ToolSource="c:\program files (x86)\arcgis\desktop10.2\ArcToolbox\Toolboxes\Analysis Tools.tbx\SpatialJoin" Date="20190121" Time="105751">SpatialJoin "\\mass1\adminvector$\Work data\adminvector08.gdb\intermediaire" "\\mass1\adminvector$\Work data\adminvector08.gdb\AD_2_Municipality" "\\mass1\adminvector$\Work data\adminvector08.gdb\AD_2_MunicipalityCenter" JOIN_ONE_TO_ONE KEEP_ALL "Shape_Length "Shape_Length" false true true 8 Double 0 0 ,First,#,\\mass1\adminvector$\Work data\adminvector08.gdb\AD_2_Municipality,Shape_Length,-1,-1;Shape_Area "Shape_Area" false true true 8 Double 0 0 ,First,#,\\mass1\adminvector$\Work data\adminvector08.gdb\AD_2_Municipality,Shape_Area,-1,-1;ModifDate "ModifDate" true true false 8 Date 0 0 ,First,#,\\mass1\adminvector$\Work data\adminvector08.gdb\AD_2_Municipality,ModifDate,-1,-1;City "CITY" true true false 4 Long 0 0 ,First,#,\\mass1\adminvector$\Work data\adminvector08.gdb\AD_2_Municipality,City,-1,-1;LanguageStatute "LANGUAGESTATUTE" true true false 4 Long 0 0 ,First,#,\\mass1\adminvector$\Work data\adminvector08.gdb\AD_2_Municipality,LanguageStatute,-1,-1;NISCode "niscode" true true false 255 Text 0 0 ,First,#,\\mass1\adminvector$\Work data\adminvector08.gdb\AD_2_Municipality,NISCode,-1,-1;DistrictCapital "DISTRICTCAPITAL" true true false 4 Long 0 0 ,First,#,\\mass1\adminvector$\Work data\adminvector08.gdb\AD_2_Municipality,DistrictCapital,-1,-1;ProvinceCapital "PROVINCECAPITAL" true true false 4 Long 0 0 ,First,#,\\mass1\adminvector$\Work data\adminvector08.gdb\AD_2_Municipality,ProvinceCapital,-1,-1;RegionCapital "REGIONCAPITAL" true true false 4 Long 0 0 ,First,#,\\mass1\adminvector$\Work data\adminvector08.gdb\AD_2_Municipality,RegionCapital,-1,-1;CountryCapital "COUNTRYCAPITAL" true true false 4 Long 0 0 ,First,#,\\mass1\adminvector$\Work data\adminvector08.gdb\AD_2_Municipality,CountryCapital,-1,-1;NameGer "NameGer" true true false 50 Text 0 0 ,First,#,\\mass1\adminvector$\Work data\adminvector08.gdb\AD_2_Municipality,NameGer,-1,-1;NameFre "NameFre" true true false 50 Text 0 0 ,First,#,\\mass1\adminvector$\Work data\adminvector08.gdb\AD_2_Municipality,NameFre,-1,-1;NameDut "NameDut" true true false 50 Text 0 0 ,First,#,\\mass1\adminvector$\Work data\adminvector08.gdb\AD_2_Municipality,NameDut,-1,-1" INTERSECT # #</Process><Process ToolSource="c:\program files (x86)\arcgis\desktop10.2\ArcToolbox\Toolboxes\Data Management Tools.tbx\DeleteField" Date="20190121" Time="105753">DeleteField "\\mass1\adminvector$\Work data\adminvector08.gdb\AD_2_MunicipalityCenter" Join_Count</Process><Process ToolSource="c:\program files (x86)\arcgis\desktop10.2\ArcToolbox\Toolboxes\Data Management Tools.tbx\DeleteField" Date="20190121" Time="105754">DeleteField "\\mass1\adminvector$\Work data\adminvector08.gdb\AD_2_MunicipalityCenter" TARGET_FID</Process><Process ToolSource="c:\program files (x86)\arcgis\desktop10.2\ArcToolbox\Toolboxes\Data Management Tools.tbx\Project" Date="20190212" Time="150847">Project "\\mass1\AdminVector$\Work data\adminvector08.gdb\AD_2_MunicipalityCenter" "\\mass1\AdminVector$\Work data\adminvector08.gdb\AD_2_MunicipalityCenterpr" GEOGCS['GCS_WGS_1984',DATUM['D_WGS_1984',SPHEROID['WGS_1984',6378137.0,298.257223563]],PRIMEM['Greenwich',0.0],UNIT['Degree',0.0174532925199433]] 'ntv2_grid_lb72lb08.gtf + Belge_1972_To_WGS_1984_3' PROJCS['Belge_Lambert_2008',GEOGCS['GCS_ETRS_1989',DATUM['D_ETRS_1989',SPHEROID['GRS_1980',6378137.0,298.257222101]],PRIMEM['Greenwich',0.0],UNIT['Degree',0.0174532925199433]],PROJECTION['Lambert_Conformal_Conic'],PARAMETER['False_Easting',649328.0],PARAMETER['False_Northing',665262.0],PARAMETER['Central_Meridian',4.359215833333333],PARAMETER['Standard_Parallel_1',49.83333333333334],PARAMETER['Standard_Parallel_2',51.16666666666666],PARAMETER['Latitude_Of_Origin',50.797815],UNIT['Meter',1.0]]</Process><Process ToolSource="c:\program files (x86)\arcgis\desktop10.2\ArcToolbox\Toolboxes\Conversion Tools.tbx\FeatureClassToFeatureClass" Date="20190212" Time="150853">FeatureClassToFeatureClass "\\mass1\AdminVector$\Work data\adminvector08.gdb\AD_2_MunicipalityCenterpr" "\\mass1\AdminVector$\Work data\adminvectorwgs.gdb" AD_2_MunicipalityCenter # "ModifDate "ModifDate" true true false 8 Date 0 0 ,First,#,\\mass1\AdminVector$\Work data\adminvector08.gdb\AD_2_MunicipalityCenterpr,ModifDate,-1,-1;City "City" true true false 4 Long 0 0 ,First,#,\\mass1\AdminVector$\Work data\adminvector08.gdb\AD_2_MunicipalityCenterpr,City,-1,-1;LanguageStatute "LanguageStatute" true true false 4 Long 0 0 ,First,#,\\mass1\AdminVector$\Work data\adminvector08.gdb\AD_2_MunicipalityCenterpr,LanguageStatute,-1,-1;NISCode "NISCode" true true false 255 Text 0 0 ,First,#,\\mass1\AdminVector$\Work data\adminvector08.gdb\AD_2_MunicipalityCenterpr,NISCode,-1,-1;DistrictCapital "DistrictCapital" true true false 4 Long 0 0 ,First,#,\\mass1\AdminVector$\Work data\adminvector08.gdb\AD_2_MunicipalityCenterpr,DistrictCapital,-1,-1;ProvinceCapital "ProvinceCapital" true true false 4 Long 0 0 ,First,#,\\mass1\AdminVector$\Work data\adminvector08.gdb\AD_2_MunicipalityCenterpr,ProvinceCapital,-1,-1;RegionCapital "RegionCapital" true true false 4 Long 0 0 ,First,#,\\mass1\AdminVector$\Work data\adminvector08.gdb\AD_2_MunicipalityCenterpr,RegionCapital,-1,-1;CountryCapital "CountryCapital" true true false 4 Long 0 0 ,First,#,\\mass1\AdminVector$\Work data\adminvector08.gdb\AD_2_MunicipalityCenterpr,CountryCapital,-1,-1;NameGer "NameGer" true true false 50 Text 0 0 ,First,#,\\mass1\AdminVector$\Work data\adminvector08.gdb\AD_2_MunicipalityCenterpr,NameGer,-1,-1;NameFre "NameFre" true true false 50 Text 0 0 ,First,#,\\mass1\AdminVector$\Work data\adminvector08.gdb\AD_2_MunicipalityCenterpr,NameFre,-1,-1;NameDut "NameDut" true true false 50 Text 0 0 ,First,#,\\mass1\AdminVector$\Work data\adminvector08.gdb\AD_2_MunicipalityCenterpr,NameDut,-1,-1" #</Process><Process ToolSource="c:\program files (x86)\arcgis\desktop10.2\ArcToolbox\Toolboxes\Data Management Tools.tbx\CopyFeatures" Date="20190212" Time="151216">CopyFeatures "\\mass1\AdminVector$\Work data\adminvectorwgs.gdb\AD_2_MunicipalityCenter" "\\mass1\AdminVector$\Work data\adminvectorwgs\AD_2_MunicipalityCenter.shp" # 0 0 0</Process></lineage></DataProperties><SyncDate>20190212</SyncDate><SyncTime>15121600</SyncTime><ModDate>20190212</ModDate><ModTime>15121600</ModTime></Esri><dataIdInfo><envirDesc Sync="TRUE"> Version 6.2 (Build 9200) ; Esri ArcGIS 10.2.2.3552</envirDesc><dataLang><languageCode value="fra" Sync="TRUE"></languageCode><countryCode value="CAN" Sync="TRUE"></countryCode></dataLang><idCitation><resTitle Sync="TRUE">AD_2_MunicipalityCenter</resTitle><presForm><PresFormCd value="005" Sync="TRUE"></PresFormCd></presForm></idCitation><spatRpType><SpatRepTypCd value="001" Sync="TRUE"></SpatRepTypCd></spatRpType><dataExt><vertEle><vertMinVal Sync="TRUE">-93.000000</vertMinVal><vertMaxVal Sync="TRUE">900.000000</vertMaxVal></vertEle><geoEle/></dataExt><dataExt><geoEle><GeoBndBox esriExtentType="search"><exTypeCode Sync="TRUE">1</exTypeCode><westBL Sync="TRUE">2.438809</westBL><eastBL Sync="TRUE">6.477923</eastBL><northBL Sync="TRUE">51.500671</northBL><southBL Sync="TRUE">49.494555</southBL></GeoBndBox></geoEle></dataExt></dataIdInfo><mdLang><languageCode value="fra" Sync="TRUE"></languageCode><countryCode value="CAN" Sync="TRUE"></countryCode></mdLang><mdChar><CharSetCd value="004" Sync="TRUE"></CharSetCd></mdChar><distInfo><distFormat><formatName Sync="TRUE">Shapefile</formatName></distFormat><distTranOps><transSize Sync="TRUE">0.000</transSize></distTranOps></distInfo><mdHrLv><ScopeCd value="005" Sync="TRUE"></ScopeCd></mdHrLv><mdHrLvName Sync="TRUE">dataset</mdHrLvName><refSysInfo><RefSystem><refSysID><identCode code="4326" Sync="TRUE"></identCode><idCodeSpace Sync="TRUE">EPSG</idCodeSpace><idVersion Sync="TRUE">8.2.6</idVersion></refSysID></RefSystem></refSysInfo><spatRepInfo><VectSpatRep><geometObjs Name="AD_2_MunicipalityCenter"><geoObjTyp><GeoObjTypCd value="004" Sync="TRUE"></GeoObjTypCd></geoObjTyp><geoObjCnt Sync="TRUE">0</geoObjCnt></geometObjs><topLvl><TopoLevCd value="001" Sync="TRUE"></TopoLevCd></topLvl></VectSpatRep></spatRepInfo><spdoinfo><ptvctinf><esriterm Name="AD_2_MunicipalityCenter"><efeatyp Sync="TRUE">Simple</efeatyp><efeageom code="1" Sync="TRUE"></efeageom><esritopo Sync="TRUE">FALSE</esritopo><efeacnt Sync="TRUE">0</efeacnt><spindex Sync="TRUE">FALSE</spindex><linrefer Sync="TRUE">TRUE</linrefer></esriterm></ptvctinf></spdoinfo><eainfo><detailed Name="AD_2_MunicipalityCenter"><enttyp><enttypl Sync="TRUE">AD_2_MunicipalityCenter</enttypl><enttypt Sync="TRUE">Feature Class</enttypt><enttypc Sync="TRUE">0</enttypc></enttyp><attr><attrlabl Sync="TRUE">FID</attrlabl><attalias Sync="TRUE">FID</attalias><attrtype Sync="TRUE">OID</attrtype><attwidth Sync="TRUE">4</attwidth><atprecis Sync="TRUE">0</atprecis><attscale Sync="TRUE">0</attscale><attrdef Sync="TRUE">Internal feature number.</attrdef><attrdefs Sync="TRUE">Esri</attrdefs><attrdomv><udom Sync="TRUE">Sequential unique whole numbers that are automatically generated.</udom></attrdomv></attr><attr><attrlabl Sync="TRUE">Shape</attrlabl><attalias Sync="TRUE">Shape</attalias><attrtype Sync="TRUE">Geometry</attrtype><attwidth Sync="TRUE">0</attwidth><atprecis Sync="TRUE">0</atprecis><attscale Sync="TRUE">0</attscale><attrdef Sync="TRUE">Feature geometry.</attrdef><attrdefs Sync="TRUE">Esri</attrdefs><attrdomv><udom Sync="TRUE">Coordinates defining the features.</udom></attrdomv></attr><attr><attrlabl Sync="TRUE">ModifDate</attrlabl><attalias Sync="TRUE">ModifDate</attalias><attrtype Sync="TRUE">Date</attrtype><attwidth Sync="TRUE">8</attwidth><atprecis Sync="TRUE">0</atprecis><attscale Sync="TRUE">0</attscale></attr><attr><attrlabl Sync="TRUE">City</attrlabl><attalias Sync="TRUE">City</attalias><attrtype Sync="TRUE">Integer</attrtype><attwidth Sync="TRUE">9</attwidth><atprecis Sync="TRUE">9</atprecis><attscale Sync="TRUE">0</attscale></attr><attr><attrlabl Sync="TRUE">LanguageSt</attrlabl><attalias Sync="TRUE">LanguageSt</attalias><attrtype Sync="TRUE">Integer</attrtype><attwidth Sync="TRUE">9</attwidth><atprecis Sync="TRUE">9</atprecis><attscale Sync="TRUE">0</attscale></attr><attr><attrlabl Sync="TRUE">NISCode</attrlabl><attalias Sync="TRUE">NISCode</attalias><attrtype Sync="TRUE">String</attrtype><attwidth Sync="TRUE">254</attwidth><atprecis Sync="TRUE">0</atprecis><attscale Sync="TRUE">0</attscale></attr><attr><attrlabl Sync="TRUE">DistrictCa</attrlabl><attalias Sync="TRUE">DistrictCa</attalias><attrtype Sync="TRUE">Integer</attrtype><attwidth Sync="TRUE">9</attwidth><atprecis Sync="TRUE">9</atprecis><attscale Sync="TRUE">0</attscale></attr><attr><attrlabl Sync="TRUE">ProvinceCa</attrlabl><attalias Sync="TRUE">ProvinceCa</attalias><attrtype Sync="TRUE">Integer</attrtype><attwidth Sync="TRUE">9</attwidth><atprecis Sync="TRUE">9</atprecis><attscale Sync="TRUE">0</attscale></attr><attr><attrlabl Sync="TRUE">RegionCapi</attrlabl><attalias Sync="TRUE">RegionCapi</attalias><attrtype Sync="TRUE">Integer</attrtype><attwidth Sync="TRUE">9</attwidth><atprecis Sync="TRUE">9</atprecis><attscale Sync="TRUE">0</attscale></attr><attr><attrlabl Sync="TRUE">CountryCap</attrlabl><attalias Sync="TRUE">CountryCap</attalias><attrtype Sync="TRUE">Integer</attrtype><attwidth Sync="TRUE">9</attwidth><atprecis Sync="TRUE">9</atprecis><attscale Sync="TRUE">0</attscale></attr><attr><attrlabl Sync="TRUE">NameGer</attrlabl><attalias Sync="TRUE">NameGer</attalias><attrtype Sync="TRUE">String</attrtype><attwidth Sync="TRUE">50</attwidth><atprecis Sync="TRUE">0</atprecis><attscale Sync="TRUE">0</attscale></attr><attr><attrlabl Sync="TRUE">NameFre</attrlabl><attalias Sync="TRUE">NameFre</attalias><attrtype Sync="TRUE">String</attrtype><attwidth Sync="TRUE">50</attwidth><atprecis Sync="TRUE">0</atprecis><attscale Sync="TRUE">0</attscale></attr><attr><attrlabl Sync="TRUE">NameDut</attrlabl><attalias Sync="TRUE">NameDut</attalias><attrtype Sync="TRUE">String</attrtype><attwidth Sync="TRUE">50</attwidth><atprecis Sync="TRUE">0</atprecis><attscale Sync="TRUE">0</attscale></attr></detailed></eainfo><mdDateSt Sync="TRUE">20190212</mdDateSt></metadata>
