<metadata xml:lang="fr"><Esri><CreaDate>20190212</CreaDate><CreaTime>15110200</CreaTime><ArcGISFormat>1.0</ArcGISFormat><SyncOnce>FALSE</SyncOnce><DataProperties><lineage><Process ToolSource="c:\program files (x86)\arcgis\desktop10.2\ArcToolbox\Toolboxes\Conversion Tools.tbx\FeatureClassToFeatureClass" Date="20190212" Time="143923">FeatureClassToFeatureClass adminborderRIGHT "\\mass1\AdminVector$\Work data\adminvector08.gdb" AD_AdministrativeBoundary # "LEFT_FID "LEFT_FID" true true false 4 Long 0 0 ,First,#,adminborderRIGHT,AD_AdministrativeBoundary_RIGHT.LEFT_FID,-1,-1;RIGHT_FID "RIGHT_FID" true true false 4 Long 0 0 ,First,#,adminborderRIGHT,AD_AdministrativeBoundary_RIGHT.RIGHT_FID,-1,-1;AD_1_MunicipalSection_modificationdate "modificationdate" true true false 8 Date 0 0 ,First,#,adminborderRIGHT,AD_AdministrativeBoundary_RIGHT.AD_1_MunicipalSection_modificationdate,-1,-1;Shape_Length "Shape_Length" false true true 8 Double 0 0 ,First,#,adminborderRIGHT,AD_AdministrativeBoundary_RIGHT.Shape_Length,-1,-1;PseudoNIS_R "PseudoNIS_R" true true false 255 Text 0 0 ,First,#,adminborderRIGHT,AD_AdministrativeBoundary_RIGHT.PseudoNIS_R,-1,-1;tgid_MUN_R "tgid_MUN_R" true true false 255 Text 0 0 ,First,#,adminborderRIGHT,AD_AdministrativeBoundary_RIGHT.tgid_MUN_R,-1,-1;OBJECTID "OBJECTID" false true false 4 Long 0 9 ,First,#,adminborderRIGHT,AD_AdministrativeBoundary_LEFT.OBJECTID,-1,-1;LEFT_FID_1 "LEFT_FID" true true false 4 Long 0 0 ,First,#,adminborderRIGHT,AD_AdministrativeBoundary_LEFT.LEFT_FID,-1,-1;RIGHT_FID_1 "RIGHT_FID" true true false 4 Long 0 0 ,First,#,adminborderRIGHT,AD_AdministrativeBoundary_LEFT.RIGHT_FID,-1,-1;AD_1_MunicipalSection_modificationdate_1 "modificationdate" true true false 8 Date 0 0 ,First,#,adminborderRIGHT,AD_AdministrativeBoundary_LEFT.AD_1_MunicipalSection_modificationdate,-1,-1;Shape_Length_1 "Shape_Length_1" false true true 8 Double 0 0 ,First,#,adminborderRIGHT,AD_AdministrativeBoundary_LEFT.Shape_Length,-1,-1;PseudoNIS_L "PseudoNIS_L" true true false 255 Text 0 0 ,First,#,adminborderRIGHT,AD_AdministrativeBoundary_LEFT.PseudoNIS_L,-1,-1;tgid_MUN_L "tgid_MUN_L" true true false 255 Text 0 0 ,First,#,adminborderRIGHT,AD_AdministrativeBoundary_LEFT.tgid_MUN_L,-1,-1" #</Process><Process ToolSource="c:\program files (x86)\arcgis\desktop10.2\ArcToolbox\Toolboxes\Data Management Tools.tbx\DeleteField" Date="20190212" Time="143927">DeleteField "\\mass1\AdminVector$\Work data\adminvector08.gdb\AD_AdministrativeBoundary" OBJECTID;PSEUDONIS;LEFT_FID_1;RIGHT_FID_1;Shape_Length_1</Process><Process ToolSource="c:\program files (x86)\arcgis\desktop10.2\ArcToolbox\Toolboxes\Data Management Tools.tbx\AddField" Date="20190212" Time="143929">AddField "\\mass1\AdminVector$\Work data\adminvector08.gdb\AD_AdministrativeBoundary" Nis_L TEXT # # # # NULLABLE NON_REQUIRED #</Process><Process ToolSource="c:\program files (x86)\arcgis\desktop10.2\ArcToolbox\Toolboxes\Data Management Tools.tbx\DeleteField" Date="20190212" Time="143938">DeleteField AD_AdministrativeBoundary tgid_MUN_L;LEFT_FID</Process><Process ToolSource="c:\program files (x86)\arcgis\desktop10.2\ArcToolbox\Toolboxes\Data Management Tools.tbx\AddField" Date="20190212" Time="143940">AddField AD_AdministrativeBoundary Nis_R TEXT # # # # NULLABLE NON_REQUIRED #</Process><Process ToolSource="c:\program files (x86)\arcgis\desktop10.2\ArcToolbox\Toolboxes\Data Management Tools.tbx\DeleteField" Date="20190212" Time="143947">DeleteField AD_AdministrativeBoundary tgid_MUN_R;RIGHT_FID</Process><Process ToolSource="c:\program files (x86)\arcgis\desktop10.2\ArcToolbox\Toolboxes\Data Management Tools.tbx\AddField" Date="20190212" Time="143948">AddField AD_AdministrativeBoundary AdminLevel SHORT # # # # NULLABLE NON_REQUIRED #</Process><Process ToolSource="c:\program files (x86)\arcgis\desktop10.2\ArcToolbox\Toolboxes\Data Management Tools.tbx\CalculateField" Date="20190212" Time="143950">CalculateField AD_AdministrativeBoundary AdminLevel 1 PYTHON #</Process><Process ToolSource="c:\program files (x86)\arcgis\desktop10.2\ArcToolbox\Toolboxes\Data Management Tools.tbx\CalculateField" Date="20190212" Time="144001">CalculateField AD_AdministrativeBoundary AdminLevel 2 PYTHON #</Process><Process ToolSource="c:\program files (x86)\arcgis\desktop10.2\ArcToolbox\Toolboxes\Data Management Tools.tbx\CalculateField" Date="20190212" Time="144008">CalculateField AD_AdministrativeBoundary AdminLevel 3 PYTHON #</Process><Process ToolSource="c:\program files (x86)\arcgis\desktop10.2\ArcToolbox\Toolboxes\Data Management Tools.tbx\CalculateField" Date="20190212" Time="144013">CalculateField AD_AdministrativeBoundary AdminLevel 4 PYTHON #</Process><Process ToolSource="c:\program files (x86)\arcgis\desktop10.2\ArcToolbox\Toolboxes\Data Management Tools.tbx\CalculateField" Date="20190212" Time="144017">CalculateField AD_AdministrativeBoundary AdminLevel 5 PYTHON #</Process><Process ToolSource="c:\program files (x86)\arcgis\desktop10.2\ArcToolbox\Toolboxes\Data Management Tools.tbx\CalculateField" Date="20190212" Time="144021">CalculateField AD_AdministrativeBoundary AdminLevel 6 PYTHON #</Process><Process ToolSource="c:\program files (x86)\arcgis\desktop10.2\ArcToolbox\Toolboxes\Data Management Tools.tbx\AssignDomainToField" Date="20190212" Time="144022">AssignDomainToField AD_AdministrativeBoundary AdminLevel D_AdministrativeLevels #</Process><Process ToolSource="c:\program files (x86)\arcgis\desktop10.2\ArcToolbox\Toolboxes\Data Management Tools.tbx\AddField" Date="20190212" Time="144022">AddField AD_AdministrativeBoundary Modifdate LONG # # # # NULLABLE NON_REQUIRED #</Process><Process ToolSource="c:\program files (x86)\arcgis\desktop10.2\ArcToolbox\Toolboxes\Data Management Tools.tbx\CalculateField" Date="20190212" Time="144210">CalculateField AD_AdministrativeBoundary Modifdate "Now (  )" VB #</Process><Process ToolSource="c:\program files (x86)\arcgis\desktop10.2\ArcToolbox\Toolboxes\Data Management Tools.tbx\CalculateField" Date="20190212" Time="144227">CalculateField AD_AdministrativeBoundary Modifdate "Date (  )" VB #</Process><Process ToolSource="c:\program files (x86)\arcgis\desktop10.2\ArcToolbox\Toolboxes\Data Management Tools.tbx\CalculateField" Date="20190212" Time="144251">CalculateField AD_AdministrativeBoundary ModifDate "Date (  )" VB #</Process><Process ToolSource="c:\program files (x86)\arcgis\desktop10.2\ArcToolbox\Toolboxes\Data Management Tools.tbx\Project" Date="20190212" Time="151113">Project "\\mass1\AdminVector$\Work data\adminvector08.gdb\AD_AdministrativeBoundary" "\\mass1\AdminVector$\Work data\adminvector08.gdb\AD_AdministrativeBoundarypr" GEOGCS['GCS_WGS_1984',DATUM['D_WGS_1984',SPHEROID['WGS_1984',6378137.0,298.257223563]],PRIMEM['Greenwich',0.0],UNIT['Degree',0.0174532925199433]] 'ntv2_grid_lb72lb08.gtf + Belge_1972_To_WGS_1984_3' PROJCS['Belge_Lambert_2008',GEOGCS['GCS_ETRS_1989',DATUM['D_ETRS_1989',SPHEROID['GRS_1980',6378137.0,298.257222101]],PRIMEM['Greenwich',0.0],UNIT['Degree',0.0174532925199433]],PROJECTION['Lambert_Conformal_Conic'],PARAMETER['False_Easting',649328.0],PARAMETER['False_Northing',665262.0],PARAMETER['Central_Meridian',4.359215833333333],PARAMETER['Standard_Parallel_1',49.83333333333334],PARAMETER['Standard_Parallel_2',51.16666666666666],PARAMETER['Latitude_Of_Origin',50.797815],UNIT['Meter',1.0]]</Process><Process ToolSource="c:\program files (x86)\arcgis\desktop10.2\ArcToolbox\Toolboxes\Conversion Tools.tbx\FeatureClassToFeatureClass" Date="20190212" Time="151121">FeatureClassToFeatureClass "\\mass1\AdminVector$\Work data\adminvector08.gdb\AD_AdministrativeBoundarypr" "\\mass1\AdminVector$\Work data\adminvectorwgs.gdb" AD_AdministrativeBoundary # "PseudoNIS_R "PseudoNIS_R" true true false 255 Text 0 0 ,First,#,\\mass1\AdminVector$\Work data\adminvector08.gdb\AD_AdministrativeBoundarypr,PseudoNIS_R,-1,-1;PseudoNIS_L "PseudoNIS_L" true true false 255 Text 0 0 ,First,#,\\mass1\AdminVector$\Work data\adminvector08.gdb\AD_AdministrativeBoundarypr,PseudoNIS_L,-1,-1;Nis_L "Nis_L" true true false 255 Text 0 0 ,First,#,\\mass1\AdminVector$\Work data\adminvector08.gdb\AD_AdministrativeBoundarypr,Nis_L,-1,-1;Nis_R "Nis_R" true true false 255 Text 0 0 ,First,#,\\mass1\AdminVector$\Work data\adminvector08.gdb\AD_AdministrativeBoundarypr,Nis_R,-1,-1;AdminLevel "AdminLevel" true true false 2 Short 0 0 ,First,#,\\mass1\AdminVector$\Work data\adminvector08.gdb\AD_AdministrativeBoundarypr,AdminLevel,-1,-1;ModifDate "ModifDate" true true false 8 Date 0 0 ,First,#,\\mass1\AdminVector$\Work data\adminvector08.gdb\AD_AdministrativeBoundarypr,ModifDate,-1,-1;Shape_Length "Shape_Length" false true true 8 Double 0 0 ,First,#,\\mass1\AdminVector$\Work data\adminvector08.gdb\AD_AdministrativeBoundarypr,Shape_Length,-1,-1" #</Process><Process ToolSource="c:\program files (x86)\arcgis\desktop10.2\ArcToolbox\Toolboxes\Data Management Tools.tbx\CopyFeatures" Date="20190212" Time="151257">CopyFeatures "\\mass1\AdminVector$\Work data\adminvectorwgs.gdb\AD_AdministrativeBoundary" "\\mass1\AdminVector$\Work data\adminvectorwgs\AD_AdministrativeBoundary.shp" # 0 0 0</Process></lineage><itemProps><itemName Sync="TRUE">AD_AdministrativeBoundary</itemName><imsContentType Sync="TRUE">002</imsContentType><itemLocation><linkage Sync="TRUE">file://\\mass1\AdminVector$\Work data\adminvectorwgs\AD_AdministrativeBoundary.shp</linkage><protocol Sync="TRUE">Local Area Network</protocol></itemLocation><itemSize Sync="TRUE">0.000</itemSize></itemProps><coordRef><type Sync="TRUE">Geographic</type><geogcsn Sync="TRUE">GCS_WGS_1984</geogcsn><csUnits Sync="TRUE">Angular Unit: Degree (0.017453)</csUnits><peXml Sync="TRUE">&lt;GeographicCoordinateSystem xsi:type='typens:GeographicCoordinateSystem' xmlns:xsi='http://www.w3.org/2001/XMLSchema-instance' xmlns:xs='http://www.w3.org/2001/XMLSchema' xmlns:typens='http://www.esri.com/schemas/ArcGIS/10.1'&gt;&lt;WKT&gt;GEOGCS[&amp;quot;GCS_WGS_1984&amp;quot;,DATUM[&amp;quot;D_WGS_1984&amp;quot;,SPHEROID[&amp;quot;WGS_1984&amp;quot;,6378137.0,298.257223563]],PRIMEM[&amp;quot;Greenwich&amp;quot;,0.0],UNIT[&amp;quot;Degree&amp;quot;,0.0174532925199433],AUTHORITY[&amp;quot;EPSG&amp;quot;,4326]]&lt;/WKT&gt;&lt;XOrigin&gt;-400&lt;/XOrigin&gt;&lt;YOrigin&gt;-400&lt;/YOrigin&gt;&lt;XYScale&gt;11258999068426.238&lt;/XYScale&gt;&lt;ZOrigin&gt;-100000&lt;/ZOrigin&gt;&lt;ZScale&gt;10000&lt;/ZScale&gt;&lt;MOrigin&gt;-100000&lt;/MOrigin&gt;&lt;MScale&gt;10000&lt;/MScale&gt;&lt;XYTolerance&gt;8.983152841195215e-009&lt;/XYTolerance&gt;&lt;ZTolerance&gt;0.001&lt;/ZTolerance&gt;&lt;MTolerance&gt;0.001&lt;/MTolerance&gt;&lt;HighPrecision&gt;true&lt;/HighPrecision&gt;&lt;LeftLongitude&gt;-180&lt;/LeftLongitude&gt;&lt;WKID&gt;4326&lt;/WKID&gt;&lt;LatestWKID&gt;4326&lt;/LatestWKID&gt;&lt;/GeographicCoordinateSystem&gt;</peXml></coordRef></DataProperties><SyncDate>20190212</SyncDate><SyncTime>15125300</SyncTime><ModDate>20190212</ModDate><ModTime>15125300</ModTime></Esri><dataIdInfo><envirDesc Sync="TRUE"> Version 6.2 (Build 9200) ; Esri ArcGIS 10.2.2.3552</envirDesc><dataLang><languageCode value="fra" Sync="TRUE"></languageCode><countryCode value="CAN" Sync="TRUE"></countryCode></dataLang><idCitation><resTitle Sync="TRUE">AD_AdministrativeBoundary</resTitle><presForm><PresFormCd value="005" Sync="TRUE"></PresFormCd></presForm></idCitation><spatRpType><SpatRepTypCd value="001" Sync="TRUE"></SpatRepTypCd></spatRpType></dataIdInfo><mdLang><languageCode value="fra" Sync="TRUE"></languageCode><countryCode value="CAN" Sync="TRUE"></countryCode></mdLang><distInfo><distFormat><formatName Sync="TRUE">Shapefile</formatName></distFormat><distTranOps><transSize Sync="TRUE">0.000</transSize></distTranOps></distInfo><mdHrLv><ScopeCd value="005" Sync="TRUE"></ScopeCd></mdHrLv><mdHrLvName Sync="TRUE">dataset</mdHrLvName><refSysInfo><RefSystem><refSysID><identCode code="4326" Sync="TRUE"></identCode><idCodeSpace Sync="TRUE">EPSG</idCodeSpace><idVersion Sync="TRUE">8.2.6</idVersion></refSysID></RefSystem></refSysInfo><spatRepInfo><VectSpatRep><geometObjs Name="AD_AdministrativeBoundary"><geoObjTyp><GeoObjTypCd value="002" Sync="TRUE"></GeoObjTypCd></geoObjTyp><geoObjCnt Sync="TRUE">0</geoObjCnt></geometObjs><topLvl><TopoLevCd value="001" Sync="TRUE"></TopoLevCd></topLvl></VectSpatRep></spatRepInfo><spdoinfo><ptvctinf><esriterm Name="AD_AdministrativeBoundary"><efeatyp Sync="TRUE">Simple</efeatyp><efeageom code="3" Sync="TRUE"></efeageom><esritopo Sync="TRUE">FALSE</esritopo><efeacnt Sync="TRUE">0</efeacnt><spindex Sync="TRUE">FALSE</spindex><linrefer Sync="TRUE">TRUE</linrefer></esriterm></ptvctinf></spdoinfo><eainfo><detailed Name="AD_AdministrativeBoundary"><enttyp><enttypl Sync="TRUE">AD_AdministrativeBoundary</enttypl><enttypt Sync="TRUE">Feature Class</enttypt><enttypc Sync="TRUE">0</enttypc></enttyp><attr><attrlabl Sync="TRUE">FID</attrlabl><attalias Sync="TRUE">FID</attalias><attrtype Sync="TRUE">OID</attrtype><attwidth Sync="TRUE">4</attwidth><atprecis Sync="TRUE">0</atprecis><attscale Sync="TRUE">0</attscale><attrdef Sync="TRUE">Internal feature number.</attrdef><attrdefs Sync="TRUE">Esri</attrdefs><attrdomv><udom Sync="TRUE">Sequential unique whole numbers that are automatically generated.</udom></attrdomv></attr><attr><attrlabl Sync="TRUE">Shape</attrlabl><attalias Sync="TRUE">Shape</attalias><attrtype Sync="TRUE">Geometry</attrtype><attwidth Sync="TRUE">0</attwidth><atprecis Sync="TRUE">0</atprecis><attscale Sync="TRUE">0</attscale><attrdef Sync="TRUE">Feature geometry.</attrdef><attrdefs Sync="TRUE">Esri</attrdefs><attrdomv><udom Sync="TRUE">Coordinates defining the features.</udom></attrdomv></attr><attr><attrlabl Sync="TRUE">PseudoNIS_</attrlabl><attalias Sync="TRUE">PseudoNIS_</attalias><attrtype Sync="TRUE">String</attrtype><attwidth Sync="TRUE">254</attwidth><atprecis Sync="TRUE">0</atprecis><attscale Sync="TRUE">0</attscale></attr><attr><attrlabl Sync="TRUE">PseudoNIS1</attrlabl><attalias Sync="TRUE">PseudoNIS1</attalias><attrtype Sync="TRUE">String</attrtype><attwidth Sync="TRUE">254</attwidth><atprecis Sync="TRUE">0</atprecis><attscale Sync="TRUE">0</attscale></attr><attr><attrlabl Sync="TRUE">Nis_L</attrlabl><attalias Sync="TRUE">Nis_L</attalias><attrtype Sync="TRUE">String</attrtype><attwidth Sync="TRUE">254</attwidth><atprecis Sync="TRUE">0</atprecis><attscale Sync="TRUE">0</attscale></attr><attr><attrlabl Sync="TRUE">Nis_R</attrlabl><attalias Sync="TRUE">Nis_R</attalias><attrtype Sync="TRUE">String</attrtype><attwidth Sync="TRUE">254</attwidth><atprecis Sync="TRUE">0</atprecis><attscale Sync="TRUE">0</attscale></attr><attr><attrlabl Sync="TRUE">AdminLevel</attrlabl><attalias Sync="TRUE">AdminLevel</attalias><attrtype Sync="TRUE">SmallInteger</attrtype><attwidth Sync="TRUE">4</attwidth><atprecis Sync="TRUE">4</atprecis><attscale Sync="TRUE">0</attscale></attr><attr><attrlabl Sync="TRUE">ModifDate</attrlabl><attalias Sync="TRUE">ModifDate</attalias><attrtype Sync="TRUE">Date</attrtype><attwidth Sync="TRUE">8</attwidth><atprecis Sync="TRUE">0</atprecis><attscale Sync="TRUE">0</attscale></attr><attr><attrlabl Sync="TRUE">Shape_Leng</attrlabl><attalias Sync="TRUE">Shape_Leng</attalias><attrtype Sync="TRUE">Double</attrtype><attwidth Sync="TRUE">19</attwidth><atprecis Sync="TRUE">0</atprecis><attscale Sync="TRUE">0</attscale></attr></detailed></eainfo><mdDateSt Sync="TRUE">20190212</mdDateSt></metadata>
