<metadata xml:lang="fr"><Esri><CreaDate>20180202</CreaDate><CreaTime>16272200</CreaTime><ArcGISFormat>1.0</ArcGISFormat><SyncOnce>FALSE</SyncOnce><DataProperties><lineage><Process ToolSource="c:\program files (x86)\arcgis\desktop10.2\ArcToolbox\Toolboxes\Data Management Tools.tbx\Project" Date="20180202" Time="162722">Project \\mass1\finalProduct\StandardDigitalProducts\AdminVector\Data\AdminVector_2015_L08.gdb\AD_1_MunicipalSection \\mass1\finalProduct\StandardDigitalProducts\AdminVector\Data\AdminVector_2015_L08.gdb\AD_1_MunicipalSectionWGS84 PROJCS['Belge_Lambert_2008',GEOGCS['GCS_ETRS_1989',DATUM['D_ETRS_1989',SPHEROID['GRS_1980',6378137.0,298.257222101]],PRIMEM['Greenwich',0.0],UNIT['Degree',0.0174532925199433]],PROJECTION['Lambert_Conformal_Conic'],PARAMETER['False_Easting',649328.0],PARAMETER['False_Northing',665262.0],PARAMETER['Central_Meridian',4.359215833333333],PARAMETER['Standard_Parallel_1',49.83333333333334],PARAMETER['Standard_Parallel_2',51.16666666666666],PARAMETER['Latitude_Of_Origin',50.797815],UNIT['Meter',1.0]] # PROJCS['Belge_Lambert_2008',GEOGCS['GCS_ETRS_1989',DATUM['D_ETRS_1989',SPHEROID['GRS_1980',6378137.0,298.257222101]],PRIMEM['Greenwich',0.0],UNIT['Degree',0.0174532925199433]],PROJECTION['Lambert_Conformal_Conic'],PARAMETER['False_Easting',649328.0],PARAMETER['False_Northing',665262.0],PARAMETER['Central_Meridian',4.359215833333333],PARAMETER['Standard_Parallel_1',49.83333333333334],PARAMETER['Standard_Parallel_2',51.16666666666666],PARAMETER['Latitude_Of_Origin',50.797815],UNIT['Meter',1.0]]</Process><Process ToolSource="c:\program files (x86)\arcgis\desktop10.2\ArcToolbox\Toolboxes\Conversion Tools.tbx\FeatureClassToFeatureClass" Date="20180202" Time="162732">FeatureClassToFeatureClass \\mass1\finalProduct\StandardDigitalProducts\AdminVector\Data\AdminVector_2015_L08.gdb\AD_1_MunicipalSectionWGS84 \\mass1\finalProduct\StandardDigitalProducts\AdminVector\Data\AdminVector_2015_WGS84.gdb AD_1_MunicipalSection # "MODIFDATE "MODIFDATE" true true false 8 Date 0 0 ,First,#,\\mass1\finalProduct\StandardDigitalProducts\AdminVector\Data\AdminVector_2015_L08.gdb\AD_1_MunicipalSectionWGS84,MODIFDATE,-1,-1;NISCODE "NISCODE" true true false 254 Text 0 0 ,First,#,\\mass1\finalProduct\StandardDigitalProducts\AdminVector\Data\AdminVector_2015_L08.gdb\AD_1_MunicipalSectionWGS84,NISCODE,-1,-1;POSTALCODE "POSTALCODE" true true false 6 Text 0 0 ,First,#,\\mass1\finalProduct\StandardDigitalProducts\AdminVector\Data\AdminVector_2015_L08.gdb\AD_1_MunicipalSectionWGS84,POSTALCODE,-1,-1;NAME_DUT "NAME_DUT" true true false 50 Text 0 0 ,First,#,\\mass1\finalProduct\StandardDigitalProducts\AdminVector\Data\AdminVector_2015_L08.gdb\AD_1_MunicipalSectionWGS84,NAME_DUT,-1,-1;NAME_FRE "NAME_FRE" true true false 50 Text 0 0 ,First,#,\\mass1\finalProduct\StandardDigitalProducts\AdminVector\Data\AdminVector_2015_L08.gdb\AD_1_MunicipalSectionWGS84,NAME_FRE,-1,-1;NAME_GER "NAME_GER" true true false 50 Text 0 0 ,First,#,\\mass1\finalProduct\StandardDigitalProducts\AdminVector\Data\AdminVector_2015_L08.gdb\AD_1_MunicipalSectionWGS84,NAME_GER,-1,-1;XYORIGIN "XYORIGIN" true true false 4 Long 0 0 ,First,#,\\mass1\finalProduct\StandardDigitalProducts\AdminVector\Data\AdminVector_2015_L08.gdb\AD_1_MunicipalSectionWGS84,XYORIGIN,-1,-1;Shape_Length "Shape_Length" false true true 8 Double 0 0 ,First,#,\\mass1\finalProduct\StandardDigitalProducts\AdminVector\Data\AdminVector_2015_L08.gdb\AD_1_MunicipalSectionWGS84,Shape_Length,-1,-1;Shape_Area "Shape_Area" false true true 8 Double 0 0 ,First,#,\\mass1\finalProduct\StandardDigitalProducts\AdminVector\Data\AdminVector_2015_L08.gdb\AD_1_MunicipalSectionWGS84,Shape_Area,-1,-1" #</Process><Process ToolSource="c:\program files (x86)\arcgis\desktop10.2\ArcToolbox\Toolboxes\Data Management Tools.tbx\CopyFeatures" Date="20180202" Time="163155">CopyFeatures \\mass1\finalProduct\StandardDigitalProducts\AdminVector\Data\AdminVector_2015_WGS84.gdb\AD_1_MunicipalSection \\mass1\finalProduct\StandardDigitalProducts\AdminVector\Data\AdminVector_2015_WGS84_shp\AD_1_MunicipalSection.shp # 0 0 0</Process></lineage><itemProps><itemName Sync="TRUE">AD_1_MunicipalSection</itemName><imsContentType Sync="TRUE">002</imsContentType><itemLocation><linkage Sync="TRUE">file://\\mass1\finalProduct\StandardDigitalProducts\AdminVector\Data\AdminVector_2015_WGS84_shp\AD_1_MunicipalSection.shp</linkage><protocol Sync="TRUE">Local Area Network</protocol></itemLocation><itemSize Sync="TRUE">0.000</itemSize></itemProps><coordRef><type Sync="TRUE">Projected</type><geogcsn Sync="TRUE">GCS_ETRS_1989</geogcsn><csUnits Sync="TRUE">Linear Unit: Meter (1.000000)</csUnits><projcsn Sync="TRUE">Belge_Lambert_2008</projcsn><peXml Sync="TRUE">&lt;ProjectedCoordinateSystem xsi:type='typens:ProjectedCoordinateSystem' xmlns:xsi='http://www.w3.org/2001/XMLSchema-instance' xmlns:xs='http://www.w3.org/2001/XMLSchema' xmlns:typens='http://www.esri.com/schemas/ArcGIS/10.1'&gt;&lt;WKT&gt;PROJCS[&amp;quot;Belge_Lambert_2008&amp;quot;,GEOGCS[&amp;quot;GCS_ETRS_1989&amp;quot;,DATUM[&amp;quot;D_ETRS_1989&amp;quot;,SPHEROID[&amp;quot;GRS_1980&amp;quot;,6378137.0,298.257222101]],PRIMEM[&amp;quot;Greenwich&amp;quot;,0.0],UNIT[&amp;quot;Degree&amp;quot;,0.0174532925199433]],PROJECTION[&amp;quot;Lambert_Conformal_Conic&amp;quot;],PARAMETER[&amp;quot;False_Easting&amp;quot;,649328.0],PARAMETER[&amp;quot;False_Northing&amp;quot;,665262.0],PARAMETER[&amp;quot;Central_Meridian&amp;quot;,4.359215833333333],PARAMETER[&amp;quot;Standard_Parallel_1&amp;quot;,49.83333333333334],PARAMETER[&amp;quot;Standard_Parallel_2&amp;quot;,51.16666666666666],PARAMETER[&amp;quot;Latitude_Of_Origin&amp;quot;,50.797815],UNIT[&amp;quot;Meter&amp;quot;,1.0],AUTHORITY[&amp;quot;EPSG&amp;quot;,3812]]&lt;/WKT&gt;&lt;XOrigin&gt;-35373000&lt;/XOrigin&gt;&lt;YOrigin&gt;-30122500&lt;/YOrigin&gt;&lt;XYScale&gt;125022371.59348279&lt;/XYScale&gt;&lt;ZOrigin&gt;-100000&lt;/ZOrigin&gt;&lt;ZScale&gt;10000&lt;/ZScale&gt;&lt;MOrigin&gt;-100000&lt;/MOrigin&gt;&lt;MScale&gt;10000&lt;/MScale&gt;&lt;XYTolerance&gt;0.001&lt;/XYTolerance&gt;&lt;ZTolerance&gt;0.001&lt;/ZTolerance&gt;&lt;MTolerance&gt;0.001&lt;/MTolerance&gt;&lt;HighPrecision&gt;true&lt;/HighPrecision&gt;&lt;WKID&gt;102199&lt;/WKID&gt;&lt;LatestWKID&gt;3812&lt;/LatestWKID&gt;&lt;/ProjectedCoordinateSystem&gt;</peXml></coordRef></DataProperties><SyncDate>20180202</SyncDate><SyncTime>16315100</SyncTime><ModDate>20180202</ModDate><ModTime>16315100</ModTime></Esri><dataIdInfo><envirDesc Sync="TRUE"> Version 6.2 (Build 9200) ; Esri ArcGIS 10.2.2.3552</envirDesc><dataLang><languageCode value="fra" Sync="TRUE"></languageCode><countryCode value="BEL" Sync="TRUE"></countryCode></dataLang><idCitation><resTitle Sync="TRUE">AD_1_MunicipalSection</resTitle><presForm><PresFormCd value="005" Sync="TRUE"></PresFormCd></presForm></idCitation><spatRpType><SpatRepTypCd value="001" Sync="TRUE"></SpatRepTypCd></spatRpType></dataIdInfo><mdLang><languageCode value="fra" Sync="TRUE"></languageCode><countryCode value="BEL" Sync="TRUE"></countryCode></mdLang><distInfo><distFormat><formatName Sync="TRUE">Shapefile</formatName></distFormat><distTranOps><transSize Sync="TRUE">0.000</transSize></distTranOps></distInfo><mdHrLv><ScopeCd value="005" Sync="TRUE"></ScopeCd></mdHrLv><mdHrLvName Sync="TRUE">dataset</mdHrLvName><refSysInfo><RefSystem><refSysID><identCode code="3812" Sync="TRUE"></identCode><idCodeSpace Sync="TRUE">EPSG</idCodeSpace><idVersion Sync="TRUE">8.2.6</idVersion></refSysID></RefSystem></refSysInfo><spatRepInfo><VectSpatRep><geometObjs Name="AD_1_MunicipalSection"><geoObjTyp><GeoObjTypCd value="002" Sync="TRUE"></GeoObjTypCd></geoObjTyp><geoObjCnt Sync="TRUE">0</geoObjCnt></geometObjs><topLvl><TopoLevCd value="001" Sync="TRUE"></TopoLevCd></topLvl></VectSpatRep></spatRepInfo><spdoinfo><ptvctinf><esriterm Name="AD_1_MunicipalSection"><efeatyp Sync="TRUE">Simple</efeatyp><efeageom code="4" Sync="TRUE"></efeageom><esritopo Sync="TRUE">FALSE</esritopo><efeacnt Sync="TRUE">0</efeacnt><spindex Sync="TRUE">FALSE</spindex><linrefer Sync="TRUE">TRUE</linrefer></esriterm></ptvctinf></spdoinfo><eainfo><detailed Name="AD_1_MunicipalSection"><enttyp><enttypl Sync="TRUE">AD_1_MunicipalSection</enttypl><enttypt Sync="TRUE">Feature Class</enttypt><enttypc Sync="TRUE">0</enttypc></enttyp><attr><attrlabl Sync="TRUE">FID</attrlabl><attalias Sync="TRUE">FID</attalias><attrtype Sync="TRUE">OID</attrtype><attwidth Sync="TRUE">4</attwidth><atprecis Sync="TRUE">0</atprecis><attscale Sync="TRUE">0</attscale><attrdef Sync="TRUE">Internal feature number.</attrdef><attrdefs Sync="TRUE">Esri</attrdefs><attrdomv><udom Sync="TRUE">Sequential unique whole numbers that are automatically generated.</udom></attrdomv></attr><attr><attrlabl Sync="TRUE">Shape</attrlabl><attalias Sync="TRUE">Shape</attalias><attrtype Sync="TRUE">Geometry</attrtype><attwidth Sync="TRUE">0</attwidth><atprecis Sync="TRUE">0</atprecis><attscale Sync="TRUE">0</attscale><attrdef Sync="TRUE">Feature geometry.</attrdef><attrdefs Sync="TRUE">Esri</attrdefs><attrdomv><udom Sync="TRUE">Coordinates defining the features.</udom></attrdomv></attr><attr><attrlabl Sync="TRUE">MODIFDATE</attrlabl><attalias Sync="TRUE">MODIFDATE</attalias><attrtype Sync="TRUE">Date</attrtype><attwidth Sync="TRUE">8</attwidth><atprecis Sync="TRUE">0</atprecis><attscale Sync="TRUE">0</attscale></attr><attr><attrlabl Sync="TRUE">NISCODE</attrlabl><attalias Sync="TRUE">NISCODE</attalias><attrtype Sync="TRUE">String</attrtype><attwidth Sync="TRUE">254</attwidth><atprecis Sync="TRUE">0</atprecis><attscale Sync="TRUE">0</attscale></attr><attr><attrlabl Sync="TRUE">POSTALCODE</attrlabl><attalias Sync="TRUE">POSTALCODE</attalias><attrtype Sync="TRUE">String</attrtype><attwidth Sync="TRUE">6</attwidth><atprecis Sync="TRUE">0</atprecis><attscale Sync="TRUE">0</attscale></attr><attr><attrlabl Sync="TRUE">NAME_DUT</attrlabl><attalias Sync="TRUE">NAME_DUT</attalias><attrtype Sync="TRUE">String</attrtype><attwidth Sync="TRUE">50</attwidth><atprecis Sync="TRUE">0</atprecis><attscale Sync="TRUE">0</attscale></attr><attr><attrlabl Sync="TRUE">NAME_FRE</attrlabl><attalias Sync="TRUE">NAME_FRE</attalias><attrtype Sync="TRUE">String</attrtype><attwidth Sync="TRUE">50</attwidth><atprecis Sync="TRUE">0</atprecis><attscale Sync="TRUE">0</attscale></attr><attr><attrlabl Sync="TRUE">NAME_GER</attrlabl><attalias Sync="TRUE">NAME_GER</attalias><attrtype Sync="TRUE">String</attrtype><attwidth Sync="TRUE">50</attwidth><atprecis Sync="TRUE">0</atprecis><attscale Sync="TRUE">0</attscale></attr><attr><attrlabl Sync="TRUE">XYORIGIN</attrlabl><attalias Sync="TRUE">XYORIGIN</attalias><attrtype Sync="TRUE">Integer</attrtype><attwidth Sync="TRUE">9</attwidth><atprecis Sync="TRUE">9</atprecis><attscale Sync="TRUE">0</attscale></attr><attr><attrlabl Sync="TRUE">Shape_Leng</attrlabl><attalias Sync="TRUE">Shape_Leng</attalias><attrtype Sync="TRUE">Double</attrtype><attwidth Sync="TRUE">19</attwidth><atprecis Sync="TRUE">0</atprecis><attscale Sync="TRUE">0</attscale></attr><attr><attrlabl Sync="TRUE">Shape_Area</attrlabl><attalias Sync="TRUE">Shape_Area</attalias><attrtype Sync="TRUE">Double</attrtype><attwidth Sync="TRUE">19</attwidth><atprecis Sync="TRUE">0</atprecis><attscale Sync="TRUE">0</attscale><attrdef Sync="TRUE">Area of feature in internal units squared.</attrdef><attrdefs Sync="TRUE">Esri</attrdefs><attrdomv><udom Sync="TRUE">Positive real numbers that are automatically generated.</udom></attrdomv></attr></detailed></eainfo><mdDateSt Sync="TRUE">20180202</mdDateSt></metadata>
